n_estimators,learning_rate,max_depth,pesos,f1_treino,f1_val
50,0.05,1,,0.5140273717598979,0.3485817878235911
50,0.05,2,,0.7035596375203894,0.4509119205638731
50,0.05,3,,0.8492095240002817,0.659135150166852
50,0.1,1,,0.5728625954198473,0.3489917976760082
50,0.1,2,,0.7661273957402346,0.5160644167205128
50,0.1,3,,0.958071446917204,0.7878415400350671
50,0.3,1,,0.6481381552569233,0.4152997257411519
50,0.3,2,,0.870189267073123,0.7000811688311688
50,0.3,3,,1.0,0.937568306010929
100,0.05,1,,0.5711453543276063,0.3300595238095238
100,0.05,2,,0.7658883114273448,0.4976190476190476
100,0.05,3,,0.9580058579827797,0.8049124247400109
100,0.1,1,,0.639507312026396,0.41686320754716977
100,0.1,2,,0.8171426887008131,0.6671026289944851
100,0.1,3,,0.9964283892035308,0.9127049180327869
100,0.3,1,,0.6984169292023914,0.4986743484170131
100,0.3,2,,0.9147671479600089,0.7171460284933645
100,0.3,3,,1.0,0.8586065573770492
200,0.05,1,,0.641603809304308,0.4093384995507636
200,0.05,2,,0.8173206260209902,0.6585092921356803
200,0.05,3,,0.9946296894118706,0.9127049180327869
200,0.1,1,,0.6599293616332615,0.4357668010416347
200,0.1,2,,0.8903238559923852,0.7088767115528936
200,0.1,3,,1.0,0.9375659905529314
200,0.3,1,,0.7377095655113778,0.5678070937523608
200,0.3,2,,0.9730662690034168,0.6452797202797202
200,0.3,3,,1.0,0.8586065573770492
