criterion,max_depth,min_samples_leaf,class_weight,f1_treino,f1_val,folhas
gini,2.0,1,,0.6468134066333739,0.6113019891500905,4
gini,2.0,2,,0.6468134066333739,0.6113019891500905,4
gini,2.0,5,,0.6468134066333739,0.6113019891500905,4
gini,2.0,10,,0.6468134066333739,0.6113019891500905,4
gini,3.0,1,,0.7875200606478597,0.7108543417366946,7
gini,3.0,2,,0.7875200606478597,0.7108543417366946,7
gini,3.0,5,,0.7875200606478597,0.7108543417366946,7
gini,3.0,10,,0.7875200606478597,0.7108543417366946,7
gini,4.0,1,,0.8251290362287866,0.7757080610021786,10
gini,4.0,2,,0.8230915525947845,0.7339153439153439,10
gini,4.0,5,,0.8230915525947845,0.7339153439153439,10
gini,4.0,10,,0.8230915525947845,0.7339153439153439,10
gini,5.0,1,,0.9542524874456796,0.9575493666169896,15
gini,5.0,2,,0.9524680217831814,0.9176001082251083,14
gini,5.0,5,,0.9524680217831814,0.9176001082251083,14
gini,5.0,10,,0.9524680217831814,0.9176001082251083,14
gini,6.0,1,,0.9819930030866857,0.9746792284783878,21
gini,6.0,2,,0.9784217315432284,0.9347299700865066,19
gini,6.0,5,,0.9674867017570392,0.9433632203659165,19
gini,6.0,10,,0.9524680217831814,0.9176001082251083,18
gini,8.0,1,,0.9857071116037273,0.9746792284783878,30
gini,8.0,2,,0.9802905088350837,0.9347299700865066,27
gini,8.0,5,,0.9712329230689525,0.9433632203659165,26
gini,8.0,10,,0.9524680217831814,0.9176001082251083,21
gini,10.0,1,,0.9910685805422648,0.9663651780667044,41
gini,10.0,2,,0.9802905088350837,0.9347299700865066,35
gini,10.0,5,,0.9712329230689525,0.9433632203659165,28
gini,10.0,10,,0.9524680217831814,0.9176001082251083,21
gini,,1,,0.9928556848336395,0.9746792284783878,46
gini,,2,,0.9802905088350837,0.9347299700865066,38
gini,,5,,0.9712329230689525,0.9433632203659165,28
gini,,10,,0.9524680217831814,0.9176001082251083,21
entropy,2.0,1,,0.6468134066333739,0.6113019891500905,4
entropy,2.0,2,,0.6468134066333739,0.6113019891500905,4
entropy,2.0,5,,0.6468134066333739,0.6113019891500905,4
entropy,2.0,10,,0.6468134066333739,0.6113019891500905,4
entropy,3.0,1,,0.7875200606478597,0.7108543417366946,7
entropy,3.0,2,,0.7875200606478597,0.7108543417366946,7
entropy,3.0,5,,0.7875200606478597,0.7108543417366946,7
entropy,3.0,10,,0.7875200606478597,0.7108543417366946,7
entropy,4.0,1,,0.8251290362287866,0.7757080610021786,10
entropy,4.0,2,,0.8230915525947845,0.7339153439153439,10
entropy,4.0,5,,0.8230915525947845,0.7339153439153439,10
entropy,4.0,10,,0.8230915525947845,0.7339153439153439,10
entropy,5.0,1,,0.9542524874456796,0.9575493666169896,15
entropy,5.0,2,,0.9524680217831814,0.9176001082251083,14
entropy,5.0,5,,0.9524680217831814,0.9176001082251083,14
entropy,5.0,10,,0.9524680217831814,0.9176001082251083,14
entropy,6.0,1,,0.9819930030866857,0.9746792284783878,21
entropy,6.0,2,,0.9784217315432284,0.9347299700865066,19
entropy,6.0,5,,0.9674867017570392,0.9433632203659165,19
entropy,6.0,10,,0.9524680217831814,0.9176001082251083,18
entropy,8.0,1,,0.9857071116037273,0.9746792284783878,30
entropy,8.0,2,,0.9802905088350837,0.9347299700865066,27
entropy,8.0,5,,0.9712329230689525,0.9433632203659165,26
entropy,8.0,10,,0.9524680217831814,0.9176001082251083,21
entropy,10.0,1,,0.9910685805422648,0.9663651780667044,40
entropy,10.0,2,,0.9802905088350837,0.9347299700865066,34
entropy,10.0,5,,0.9712329230689525,0.9433632203659165,28
entropy,10.0,10,,0.9524680217831814,0.9176001082251083,21
entropy,,1,,0.9928556848336395,0.9746792284783878,46
entropy,,2,,0.9802905088350837,0.9347299700865066,38
entropy,,5,,0.9712329230689525,0.9433632203659165,32
entropy,,10,,0.9524680217831814,0.9176001082251083,21
